"","DisplayName","canon","nikon"
"1","Venkatesh",1,1
"2","Saurabh Kumar",2,1
"3","Ben",1,1
"4","anish",3,2
"5","Dave",1,1
"6","Jack",1,3
"7","Omne",1,10
"8","Shrikant Khadilkar",1,1
"9","Abhinav",3,2
"10","Jeff",1,1
"11","Jeff",1,1
"12","Vicky",1,2
"13","intoTHEwild",3,1
"14","Alexander St",1,1
"15","Amit Kumar Gupta",1,1
"16","Evan Pak",4,1
"17","Gregor MÃ¼llegger",2,1
"18","Till Ulen",1,6
"19","erotsppa",1,1
"20","Eric",3,1
"21","Itai",3,2
"22","Robinicks",1,2
"23","jon2512chua",6,1
"24","Brian",1,1
"25","Brian",1,1
"26","Brian",1,1
"27","Jason",1,1
"28","Jason",1,1
"29","Chris",1,1
"30","Chris",1,2
"31","Chris",1,1
"32","Chris",1,1
"33","Chris",1,1
"34","user19058",1,1
"35","Ulfric Stormcloak",1,2
"36","Jez'r 570",1,2
"37","sfactor",1,2
"38","Dylan",1,1
"39","James",4,1
"40","mattdm",1,2
"41","Em Ae",1,1
"42","Frank",1,1
"43","Frank",1,1
"44","anarcat",1,1
"45","Berzemus",1,1
"46","eWolf",2,1
"47","Andrei",1,2
"48","Andrei",1,2
"49","Claire",1,1
"50","Robert Koritnik",1,1
"51","Mel",1,1
"52","Haizum Skallah",1,1
"53","Kurt",1,1
"54","misguided",1,1
"55","kacalapy",2,9
"56","Vaddadi Kartick",1,1
"57","connersz",1,7
"58","Sam Saffron",1,1
"59","user2664856",1,2
"60","Rook",2,1
"61","Billy ONeal",1,1
"62","Ygam",1,10
"63","Nick",1,1
"64","Nick",1,1
"65","Mathew M George",1,1
"66","Deepsy",1,1
"67","Josh",1,1
"68","Josh",1,1
"69","Josh",1,1
"70","David",1,1
"71","David",1,1
"72","user2720372",6,2
"73","Remus Rigo",1,1
"74","Ruslan",1,2
"75","krish",1,1
"76","Jon",1,1
"77","ckimball",1,2
"78","newfie_coder",1,5
"79","Tom",1,1
"80","Tom",1,1
"81","Matt",2,1
"82","adarsha joisa",3,1
"83","Nayana Adassuriya",3,1
"84","Naseer",1,1
"85","Saif",1,1
"86","Deborah",1,1
"87","Tanmay",1,1
"88","John Smith",5,2
"89","Victor",2,3
"90","Terry",1,1
"91","Jason",2,1
"92","Jason",2,1
"93","Joe Scotto",2,1
"94","user1899082",1,6
"95","John Snow",1,1
"96","John Smith",1,2
"97","Nick",1,1
"98","Nick",1,1
"99","Elfudge",1,1
"100","Chris",1,1
"101","Chris",1,2
"102","Chris",1,1
"103","Chris",1,1
"104","Chris",1,1
"105","KnutPunt",1,1
"106","Kurt",1,1
"107","aaaaaa",1,2
"108","Sue",1,1
"109","Sue",1,1
"110","Tom",1,1
"111","Tom",1,1
"112","Vicky",2,2
"113","Steve",1,1
"114","David",1,1
"115","David",1,1
"116","James",1,1
"117","Joe",1,2
"118","Reuel",1,1
"119","Barney Chambers",7,1
"120","Marcus",1,1
"121","errorhandler",3,1
"122","Barry",1,1
"123","Dan",1,1
"124","Daniel",1,1
"125","Daniel",1,1
"126","Imre",3,1
"127","Steve",2,1
"128","Chris",1,1
"129","Chris",1,2
"130","Chris",1,1
"131","Chris",1,1
"132","Chris",1,1
"133","bwDraco",2,1
"134","SloppierKitty7",1,1
"135","Karen",1,1
"136","Karen",1,1
"137","Jon",1,1
"138","Ben",1,1
"139","dpollitt",17,2
"140","Jayanga Kaushalya",1,1
"141","Edward",1,1
"142","Edward",1,1
"143","Francesco",3,1
"144","John",1,1
"145","Aquarius_Girl",5,8
"146","Daniel",1,1
"147","Daniel",1,1
"148","Sarah",1,1
"149","Sarah",1,1
"150","sanjihan",1,2
"151","Jean",1,1
"152","Ranjan",1,1
"153","Anthony",2,1
"154","Grant",1,1
"155","Vikas Kumar",1,1
"156","kabir",2,4
"157","crishu",1,1
"158","Anonymous",1,1
"159","Saleem Farhan",1,2
"160","Joe",1,2
"161","Geodaley",1,1
"162","Jason",1,1
"163","Jason",1,1
"164","James",1,1
"165","Bob Waite",1,1
"166","NoahL",1,3
"167","lijat",3,1
"168","Abhay Kumar",1,1
"169","Jeremy Huddleston Sequoia",1,1
"170","Sam",1,1
"171","Ruslan",2,2
"172","Josh",1,1
"173","Josh",1,1
"174","Josh",1,1
"175","spong",1,2
"176","Abdel Hakim",1,1
"177","Taylor",1,1
"178","Joe",2,2
"179","lm01",1,1
"180","Taylor",1,1
"181","Chris",1,1
"182","Chris",1,2
"183","Chris",1,1
"184","Chris",1,1
"185","Chris",1,1
"186","Danny",1,1
"187","Tomi",2,1
"188","John",1,1
"189","Ivan",1,1
"190","Ivan",1,2
"191","Ivan",1,1
"192","Sonic Soul",2,9
"193","David",1,1
"194","David",1,1
"195","DHall",1,1
"196","Roger Banks",1,1
"197","Matt",1,1
"198","Mike",1,1
"199","Rob",1,1
"200","Matthew",3,1
"201","randomphotog",4,2
"202","Lexie",1,1
"203","dlanod",1,1
"204","Light_B",1,1
"205","Brian",1,1
"206","Brian",1,1
"207","Brian",1,1
"208","L84",1,7
"209","Valya",1,1
"210","Mike",1,1
"211","jp89",7,1
"212","Bharath",1,1
"213","Kiro",1,1
"214","Sabrina",1,1
"215","Sofia",1,1
"216","Samia Afzal",1,1
"217","Matt",1,1
"218","Fardan Hasan",3,3
"219","Wayne Werner",1,1
"220","Joseph",1,1
"221","Chris",1,1
"222","Chris",1,2
"223","Chris",1,1
"224","Chris",1,1
"225","Chris",1,1
"226","David Rai",1,1
"227","Danny",1,1
"228","Rebecca Jones",1,1
"229","Roger",1,1
"230","Edson Andrade",1,1
"231","msumaithri",1,1
"232","the_midget_17",1,1
"233","Dan Wolfgang",1,1
"234","Chris Drumgoole",1,1
"235","Debbie",1,1
"236","Paolo",1,2
"237","BokehMan",1,1
"238","ahockley",2,2
"239","Nick",1,1
"240","Nick",1,1
"241","Skippy Fastol",4,1
"242","Daniel",1,1
"243","Daniel",1,1
"244","GR7",3,1
"245","Digital Lightcraft",1,3
